Path,Title,Title Len,Title Status,Description,Desc Len,Desc Status,og:image,Robots,Canonical,H1,Issues
/,PPM America | Institutional Asset Manager,41,DUPLICATE,"Our mission is to be seen by clients and their advisors as a consistently reliable partner to help them achieve their long-term value goals.

PPM is a US-based institutional asset manager. Established in Chicago in 1990, PPM offers investment capabilities in public fixed income, commercial real estate debt, private and structured credit, private equity and CLO management. PPM exists to consistently support institutional clients in achieving their long-term value goals. We offer our mentality of hard work, straight talk, full transparency and humility. Our success is supported by a team-based culture that encourages debate, collaboration and consistency. At the center of our belief is the fact that our best ideas to date have and can come from any team member anywhere in our firm. We believe the success of our investment culture is best demonstrated by the strong retention of our clients and investment professionals.",929,TOO LONG,,index,/home,Focused on performance. Dedicated to our clients.,duplicate title (2x); description 929 chars - truncates in SERP; duplicate description; no og:image; canonical points to /home
/home,PPM America | Institutional Asset Manager,41,DUPLICATE,"Our mission is to be seen by clients and their advisors as a consistently reliable partner to help them achieve their long-term value goals.

PPM is a US-based institutional asset manager. Established in Chicago in 1990, PPM offers investment capabilities in public fixed income, commercial real estate debt, private and structured credit, private equity and CLO management. PPM exists to consistently support institutional clients in achieving their long-term value goals. We offer our mentality of hard work, straight talk, full transparency and humility. Our success is supported by a team-based culture that encourages debate, collaboration and consistency. At the center of our belief is the fact that our best ideas to date have and can come from any team member anywhere in our firm. We believe the success of our investment culture is best demonstrated by the strong retention of our clients and investment professionals.",929,TOO LONG,,index,/home,Focused on performance. Dedicated to our clients.,duplicate title (2x); description 929 chars - truncates in SERP; duplicate description; no og:image
/investment-solutions,Investment Solutions | PPM America,34,SHORT,"At PPM, we embrace market inefficiencies and volatility which is important for creating value for clients, with a strategic commitment to a relative value, fundamentals-based investment style. This approach shifts tactically in response to changing relative valuations, market environments and business cycles. In tandem with risk management, our investment team strives to ensure that portfolios are balanced and designed for stable, long-term performance. meta data goes here",477,TOO LONG,,index,/investment-solutions,Investment Solutions,description 477 chars - truncates in SERP; no og:image
/investment-solutions/collateralized-loan-obligations,Collateralized Loan Obligations,31,SHORT,"Collateralized Loan Obligations (CLOs) are structured finance vehicles that pool diversified portfolios of corporate bank loans and issue securities to qualified investors. Collectively, PPM and its affiliates PPM Loan Management Company, LLC (PPMLM) and PPM Loan Management Company 2, LLC (PPMLM2) have served as collateral manager for 14 CLOs since 1999. In this role, PPM is responsible for portfolio construction, ongoing asset management, and the disciplined exit of individual investments. CLOs represent a natural extension of PPM’s long-standing expertise in floating-rate corporate bank loans, leveraging the depth, experience, and scale of its dedicated bank loan investment team. As a well-established and respected participant in the CLO market, PPM’s long-standing relationships across the investment community provide consistent access to market opportunities.",874,TOO LONG,,index,/investment-solutions/collateralized-loan-obligations,Collateralized Loan Obligations,no brand suffix; description 874 chars - truncates in SERP; no og:image
/investment-solutions/commercial-real-estate-debt,Commercial Real Estate Debt,27,SHORT,"Our commercial real estate team was established in 1995 and focuses on commercial mortgage loans, unsecured REIT debt, and other real estate debt investments. Our advantage is highlighted by our experienced senior leadership, strong borrower relationships, a dedicated real estate analytics team, a proactive approach to portfolio surveillance, and an efficient closing process.",378,TOO LONG,,index,/investment-solutions/commercial-real-estate-debt,Commercial Real Estate Debt,no brand suffix; description 378 chars - truncates in SERP; no og:image
/investment-solutions/fixed-income,Public Fixed Income,19,TOO SHORT,"Our first asset class under management, dating back to 1990. Our expertise spans a wide range of strategies including investment grade, high yield and emerging markets.",168,OK,,index,/investment-solutions/fixed-income,Public Fixed Income,title under 20 chars; no brand suffix; no og:image
/investment-solutions/fixed-income/bank-loan,Bank Loan,9,TOO SHORT,Seeks to consistently outperform the Morningstar LSTA US Leveraged Loan Index while maintaining a comparable level of risk,122,SHORT,,,/investment-solutions/fixed-income/bank-loan,Bank Loan,title under 20 chars; no brand suffix; no og:image; no robots tag
/investment-solutions/fixed-income/core-fixed-income,Core Fixed Income,17,TOO SHORT,Seeks to consistently outperform the Bloomberg US Aggregate Bond Index while maintaining a comparable level of risk,115,SHORT,,,/investment-solutions/fixed-income/core-fixed-income,Core Fixed Income,title under 20 chars; no brand suffix; duplicate description; no og:image; no robots tag
/investment-solutions/fixed-income/core-plus-fixed-income,Core Plus Fixed Income,22,SHORT,Seeks to consistently outperform the Bloomberg US Aggregate Bond Index while maintaining a comparable level of risk,115,SHORT,,,/investment-solutions/fixed-income/core-plus-fixed-income,Core Plus Fixed Income,no brand suffix; duplicate description; no og:image; no robots tag
/investment-solutions/fixed-income/emerging-markets-diversified,Emerging Markets Diversified,28,SHORT,"Seeks to maximize total return and add value through issuer and country selection, sector selection, and macro positioning, while managing risk relative to its benchmark",169,OK,,,/investment-solutions/fixed-income/emerging-markets-diversified,Emerging Markets Diversified,no brand suffix; no og:image; no robots tag
/investment-solutions/fixed-income/emerging-markets-frontier,Emerging Markets Frontier,25,SHORT,Seeks to maximize total return and add value by employing a bottom-up investment process that applies fundamental research to issuers and countries,147,SHORT,,,/investment-solutions/fixed-income/emerging-markets-frontier,Emerging Markets Frontier,no brand suffix; no og:image; no robots tag
/investment-solutions/fixed-income/emerging-markets-investment-grade,Emerging Markets Investment Grade,33,SHORT,"Seeks to maximize income generation and total return through issuer and country selection, sector selection, and macro positioning, while managing risk relative to its benchmark",177,TOO LONG,,,/investment-solutions/fixed-income/emerging-markets-investment-grade,Emerging Markets Investment Grade,no brand suffix; description 177 chars - truncates in SERP; no og:image; no robots tag
/investment-solutions/fixed-income/emerging-markets-local-currency-supranational,Emerging Markets Local Currency Supranational,45,SHORT,"Seeks to maximize total return and income through emerging markets (EM) currency selection, rates selection and macro positioning while managing risk to a volatility target",172,TOO LONG,,,/investment-solutions/fixed-income/emerging-markets-local-currency-supranational,Emerging Markets Local Currency Supranational,no brand suffix; description 172 chars - truncates in SERP; no og:image; no robots tag
/investment-solutions/fixed-income/high-yield,High Yield,10,TOO SHORT,Seeks to consistently outperform the ICE BofA US High Yield Constrained Index while maintaining a comparable level of risk,122,SHORT,,,/investment-solutions/fixed-income/high-yield,High Yield,title under 20 chars; no brand suffix; no og:image; no robots tag
/investment-solutions/fixed-income/intermediate-credit,Intermediate Credit,19,TOO SHORT,Seeks to consistently outperform an intermediate investment grade credit index while maintaining a comparable level of risk,123,SHORT,,,/investment-solutions/fixed-income/intermediate-credit,Intermediate Credit,title under 20 chars; no brand suffix; no og:image; no robots tag
/investment-solutions/fixed-income/investment-grade-clo-debt,Investment Grade CLO Debt,25,SHORT,Seeks to consistently outperform 3-Month SOFR / LIBOR Index while maintaining a comparable level of risk,104,SHORT,,,/investment-solutions/fixed-income/investment-grade-clo-debt,Investment Grade CLO Debt,no brand suffix; no og:image; no robots tag
/investment-solutions/fixed-income/investment-grade-credit,Investment Grade Credit,23,SHORT,Seeks to consistently outperform the Bloomberg US Credit Index while maintaining a comparable level of risk,107,SHORT,,,/investment-solutions/fixed-income/investment-grade-credit,Investment Grade Credit,no brand suffix; no og:image; no robots tag
/investment-solutions/fixed-income/investment-grade-credit-plus,Investment Grade Credit Plus,28,SHORT,Seeks to consistently outperform an investment grade credit index while maintaining a comparable level of risk,110,SHORT,,,/investment-solutions/fixed-income/investment-grade-credit-plus,Investment Grade Credit Plus,no brand suffix; no og:image; no robots tag
/investment-solutions/fixed-income/investment-grade-public-and-private-credit,Investment Grade Public and Private Credit,42,SHORT,Seeks to consistently outperform the Bloomberg US Corporate Bond Index while maintaining a comparable or lower level of risk,124,SHORT,,,/investment-solutions/fixed-income/investment-grade-public-and-private-credit,Investment Grade Public and Private Credit,no brand suffix; no og:image; no robots tag
/investment-solutions/fixed-income/liability-driven-investing-ldi,Liability Driven Investing (LDI),32,SHORT,"Focuses primarily on sector selection and individual security selection and to a lesser extent, duration and yield curve management",131,SHORT,,,/investment-solutions/fixed-income/liability-driven-investing-ldi,Liability Driven Investing (LDI),no brand suffix; no og:image; no robots tag
/investment-solutions/private-and-structured-credit,Private and Structured Credit,29,SHORT,"Our private debt team was established in 1991, led by a private finance team that expanded into separate asset class teams over time, including bank loans, private equity and structured credit.",193,TOO LONG,,index,/investment-solutions/private-and-structured-credit,Private and Structured Credit,no brand suffix; description 193 chars - truncates in SERP; no og:image
/investment-solutions/private-equity,Private Equity | PPM America Capital Partners,45,SHORT,"PPM America Capital Partners (PPMACP) is a fully integrated private equity platform with more than three decades of institutional investing experience, guided by a core philosophy centered on access, alignment, and disciplined underwriting. The team specializes in primary fund commitments, co-investments, and GP-led secondaries primarily focused on middle market North American buyout and growth equity opportunities, with a consistent track record of disciplined execution across market cycles.",497,TOO LONG,,index,/investment-solutions/private-equity,Private Equity,description 497 chars - truncates in SERP; no og:image
/news-and-insights,News and Insights | PPM America,31,SHORT,We publish a range of research articles and outlooks to help keep you updated on key themes across the financial markets.,121,SHORT,,"index, follow",/news-and-insights,News and Insights,no og:image
/news-and-insights/blog,Blog | PPM America,18,TOO SHORT,We dig deep every day inspiring each other to identify new perspectives and opportunities. Our team-based culture stimulates debate and promotes fresh ideas which can lead to real value for our clients.,202,TOO LONG,,"index, follow",/news-and-insights/blog,Blog,title under 20 chars; description 202 chars - truncates in SERP; no og:image
/news-and-insights/blog/2026/08/ai-capex,AI Capex,8,TOO SHORT,"Marty Boulanger of our Emerging Markets team shares how comparisons to the Telecom buildout around the turn of the century give cause for both optimism and concern. In our view, the concentration of investment growth in AI-related sectors is a concern, more so than the level of investment in the economy.",305,TOO LONG,,index,/news-and-insights/blog/2026/08/ai-capex,Putting the AI Capex Cycle in Perspective,title under 20 chars; no brand suffix; description 305 chars - truncates in SERP; no og:image
/news-and-insights/blog/2026/08/clo-debt-outlook,CLO Debt Outlook,16,TOO SHORT,"We maintain a constructive outlook for the CLO market, in particular investment grade-rated CLO debt. Allison Nie of our private and structured credit team discusses CLO debt market drivers, including carry, technicals, regulatory developments and how managers are reacting to AI’s impact on the software sector.",312,TOO LONG,,index,/news-and-insights/blog/2026/08/clo-debt-outlook,Finding Value in the Shifting CLO Debt Market,title under 20 chars; no brand suffix; description 312 chars - truncates in SERP; no og:image
/news-and-insights/blog/2026/09/retail-spending,Retail Spending,15,TOO SHORT,"Back-to-school retail spending can serve as a stress test for US consumer before the holiday season. 
In our new PPM blog, Michelle McAllister of our credit research team shares how a nearly 10% increase in spending during the back-to-school season indicates that the consumer remains resilient despite higher gas prices, a trend we expect to continue for the holiday season.",375,TOO LONG,,index,/news-and-insights/blog/2026/09/retail-spending,Is a Happy Holiday Season for Retailers in the Forecast?,title under 20 chars; no brand suffix; description 375 chars - truncates in SERP; no og:image
/news-and-insights/market-insights,Market Insights | PPM America,29,SHORT,"Stay up to speed with the markets with timely market commentary from our CIO, portfolio managers and credit research team.",122,SHORT,,"index, follow",/news-and-insights/market-insights,Market Insights,no og:image
/news-and-insights/market-insights/2023/09/igppc-spotlight,IGPPC Spotlight,15,TOO SHORT,"Investors historically allocate funds to separately managed public credit and private credit strategies. As an alternative, they can now leverage the strengths of both markets through PPM America's Investment Grade Public/Private Credit Strategy, which can provide greater yield/spread potential, diversification and financial protections. This spotlight showcases how the potential benefits inherent in the strategy may be relevant to your investment goals.",458,TOO LONG,,index,/news-and-insights/market-insights/2023/09/igppc-spotlight,Investors Now Have a Unique Way to Combine Public and Private Investments,title under 20 chars; no brand suffix; description 458 chars - truncates in SERP; no og:image
/news-and-insights/market-insights/2023/10/regional-banks-spotlight,Regional Banks Spotlight,24,SHORT,"The spring's US regional banking crisis thrust the sector to the forefront for investors. Higher capital buffers, high interest rates and the potential for deposit flows require more active monitoring and research. PPM America consistently researches and invests in the sector on behalf of clients. This spotlight addresses regulatory proposals and their potential impacts on regional bank bond issuance, as well as our takeaways from a recent financial conference.",465,TOO LONG,,index,/news-and-insights/market-insights/2023/10/regional-banks-spotlight,Post Hoc: US Regional Banks After the Crisis,no brand suffix; description 465 chars - truncates in SERP; no og:image
/news-and-insights/market-insights/2024/01/long-bonds,Long Bonds,10,TOO SHORT,"Demand for long-dated corporate bonds increased in 2023 with the rise in yields. But with a lack of supply in long-end public credit, where else can investors turn to find similar opportunities? Learn how investment grade private credit can be a source for longer-dated and off-the-run maturities while also providing greater spread potential and covenant protections.",368,TOO LONG,,index,/news-and-insights/market-insights/2024/01/long-bonds,Looking for Long Bonds?,title under 20 chars; no brand suffix; description 368 chars - truncates in SERP; no og:image
/news-and-insights/market-insights/2024/04/cre-spolight,CRE Spolight,12,TOO SHORT,Investors are facing tougher portfolio management decisions as US public markets trade at rich valuations.1 Re-examining market drivers for dislocations between perceived and actual risks could be...,199,TOO LONG,,index,/news-and-insights/market-insights/2024/04/cre-spolight,CRE: Finding Value in a Misunderstood Market,title under 20 chars; no brand suffix; description 199 chars - truncates in SERP; no og:image
/news-and-insights/market-insights/2024/04/infographics,Infographic,11,DUPLICATE,Investors have been inundated with headlines about AI and how these new technologies will reportedly revolutionize everyday life. While financial market impacts can already be seen in the valuations of...,204,TOO LONG,,index,/news-and-insights/market-insights/2024/04/infographics,"Market, Economic Impacts of AI",title under 20 chars; duplicate title (7x); no brand suffix; description 204 chars - truncates in SERP; no og:image
/news-and-insights/market-insights/2024/05/macro-insights,Macro Insights,14,TOO SHORT,"The idea that rising rates can stimulate the economy is a fringe economic theory that appears to be getting more attention.1 A record amount of interest-bearing assets on household balance sheets help show how, aided by increasing interest payments from the US federal government. Our view is that higher rates are simply doing less economic damage than in the past. There are two secular shifts unique to this cycle that help explain why – fixed rate mortgages and a record number of retirees.",494,TOO LONG,,index,/news-and-insights/market-insights/2024/05/macro-insights,The Unexpected Tailwinds of Higher Rates,title under 20 chars; no brand suffix; description 494 chars - truncates in SERP; no og:image
/news-and-insights/market-insights/2024/07/infographics,Infographic,11,DUPLICATE,"It seems as if every other day, investors see equity indexes making new highs led by technology companies. The largest of these technology companies have market values that would rank among the top 10 countries in terms of gross domestic product.1 After exploring the impact of artificial intelligence (AI) on the economy and financial markets last quarter, let’s take a step back and put into perspective the growth of the information technology (IT) sector and reach of technology companies as a whole.",504,TOO LONG,,index,/news-and-insights/market-insights/2024/07/infographics,The Burgeoning Influence of Technology,title under 20 chars; duplicate title (7x); no brand suffix; description 504 chars - truncates in SERP; duplicate description; no og:image
/news-and-insights/market-insights/2024/10/infographics,Infographic,11,DUPLICATE,"It seems as if every other day, investors see equity indexes making new highs led by technology companies. The largest of these technology companies have market values that would rank among the top 10 countries in terms of gross domestic product.1 After exploring the impact of artificial intelligence (AI) on the economy and financial markets last quarter, let’s take a step back and put into perspective the growth of the information technology (IT) sector and reach of technology companies as a whole.",504,TOO LONG,,index,/news-and-insights/market-insights/2024/10/infographics,Visualizing China's Economic Issues,title under 20 chars; duplicate title (7x); no brand suffix; description 504 chars - truncates in SERP; duplicate description; no og:image
/news-and-insights/market-insights/2025/01/infographic,Infographic,11,DUPLICATE,"As we kick off the new investment year, numerous market prognosticators are calling for an uptick in both M&A and IPO activity. The economy seems to have pulled off a soft landing; the S&P 500 hit all-time highs 57 times during 2024; and CEOs are optimistic about the future. Throw in a new presidential administration that should be pro-business, and the stage seems set for a rebound. Let’s take a closer look at current conditions to see how likely the potential may be for M&A and IPO activity to flourish in 2025 and provide opportunities for investors.",558,TOO LONG,,index,/news-and-insights/market-insights/2025/01/infographic,Will M&A and IPO Potential Become Reality?,title under 20 chars; duplicate title (7x); no brand suffix; description 558 chars - truncates in SERP; no og:image
/news-and-insights/market-insights/2025/01/quarterly-insights,Quarterly Insights,18,DUPLICATE,"As is often the case following periods of strong market performance, “bull market complacency” can creep in as investors lose sight of the fundamentals that anchor valuations. The extreme of this view is that the credit quality of each distinct issuer is irrelevant. At PPM, we strongly reject this point of view.",313,TOO LONG,,index,/news-and-insights/market-insights/2025/01/quarterly-insights,Beware of Bull Market Complacency,title under 20 chars; duplicate title (5x); no brand suffix; description 313 chars - truncates in SERP; no og:image
/news-and-insights/market-insights/2025/02/ma-activity,MA Activity,11,TOO SHORT,"As investors look to put their money to work in 2025, one area to pay attention to is the potential for an increase in M&A activity. PPM’s experienced credit research team, working collaboratively with portfolio managers and traders, has the processes in place to help identify potential targets and acquirers and position client portfolios accordingly.",353,TOO LONG,,index,/news-and-insights/market-insights/2025/02/ma-activity,Capitalizing on M&A Activity,title under 20 chars; no brand suffix; description 353 chars - truncates in SERP; no og:image
/news-and-insights/market-insights/2025/03/ig-emd,IG EMD,6,TOO SHORT,"At PPM, we see an elegant solution to General Account (GA) portfolios seeking capital-efficient yield enhancement without giving up liquidity or transparency – Investment Grade (IG) rated Emerging Market (EM) public debt. This segment of the EM universe allows an opportunity for a significant pick-up over comparable US corporate credit allocations with all-in yield and spread levels similar to those attainable in the IG Private Credit space. Counterintuitively, this income pick-up is generated with a risk, volatility, impairment and capital charge profile similar to, if not better than, US corporate credit opportunities.",628,TOO LONG,,index,/news-and-insights/market-insights/2025/03/ig-emd,Investment Grade Emerging Market Debt for General Account Clients,title under 20 chars; no brand suffix; description 628 chars - truncates in SERP; no og:image
/news-and-insights/market-insights/2025/04/infographic,Infographic,11,DUPLICATE,"The macro picture is murky. Rapidly changing tariff headlines have created uncertainty, which has manifested in weaker consumer and, in some cases, business sentiment. So far, this bearish inflection in sentiment has yet to show clearly in hard economic data. It may be too early, given most broad economic datapoints are reported with a lag. However, some less-followed economic data are pointing to increasing headwinds.",422,TOO LONG,,index,/news-and-insights/market-insights/2025/04/infographic,Putting Alternative Economic Data Under the Microscope,title under 20 chars; duplicate title (7x); no brand suffix; description 422 chars - truncates in SERP; no og:image
/news-and-insights/market-insights/2025/04/quarterly-insights,Quarterly Insights,18,DUPLICATE,"Regardless of what happens in the days and weeks to come concerning tariffs, US and global growth is likely to slow down materially in our view. However, bonds are once again demonstrating some of their defensive characteristics in times of market upheaval. With yields at elevated levels, the higher income potential of US fixed income becomes even more compelling for investors when considering that bonds have typically been less volatile than stocks over the last 20 years.",477,TOO LONG,,index,/news-and-insights/market-insights/2025/04/quarterly-insights,Seeking (Bond) Shelter in a Tariff-ied World,title under 20 chars; duplicate title (5x); no brand suffix; description 477 chars - truncates in SERP; no og:image
/news-and-insights/market-insights/2025/05/corporate-responsibility-report,Corporate Responsibility Report,31,DUPLICATE,"We are pleased to share our 2024 Corporate Responsibility Report. Our latest report describes the commitments we make to our clients, employees, and communities in support of achieving their sustainability goals.",212,TOO LONG,,index,/news-and-insights/market-insights/2025/05/corporate-responsibility-report,Corporate Responsibility Report,duplicate title (2x); no brand suffix; description 212 chars - truncates in SERP; no og:image
/news-and-insights/market-insights/2025/06/em-spotlight,EM Spotlight,12,DUPLICATE,"In our view, fundamental and asset allocation trends are in place that should benefit emerging market local currency supranational bonds over the medium term. We believe these types of bonds can offer investors the ability to blend attractive return opportunities with risk-mitigating contractual features that can be applied across a broad and highly-diversified set of currency pairs.",386,TOO LONG,,index,/news-and-insights/market-insights/2025/06/em-spotlight,The Case for Emerging Market Local Currency Supranational Bonds,title under 20 chars; duplicate title (2x); no brand suffix; description 386 chars - truncates in SERP; no og:image
/news-and-insights/market-insights/2025/07/quarterly-insights,Quarterly Insights,18,DUPLICATE,"Perhaps the most widespread question for investors in recent weeks is why US economic activity has not weakened despite the magnitude of tariffs imposed since April. While reasons come to mind (weaker dollar, low gas prices, tax bill), a simpler explanation may be a lag between the announcement of tariffs and their economic impact. Despite uncertainty, we believe there are some conclusions that can be drawn based on the factors supporting growth as well as the example of the 2018 tariff war. These conclusions help frame our investment outlook for the second half of 2025.",577,TOO LONG,,index,/news-and-insights/market-insights/2025/07/quarterly-insights,"Tariffs, the Dog That Barked (a Lot) but Didn't Bite?",title under 20 chars; duplicate title (5x); no brand suffix; description 577 chars - truncates in SERP; no og:image
/news-and-insights/market-insights/2025/08/clo-equity,CLO Equity,10,TOO SHORT,"What is CLO Equity?
- A collateralized loan obligation (CLO) is a special purpose investment vehicle that issues bonds at different rating levels as well as an unrated
equity tranche to raise funds. The CLO then invests those proceeds in a diversified pool of floating rate loans
- Bond investors are paid on a quarterly basis according to their seniority in the capital structure. Equity tranche investors receive all of the
excess payments each quarter. The equity tranche bears the risk of the first loss but also captures the potential upside",546,TOO LONG,,,/news-and-insights/market-insights/2025/08/clo-equity,An Introduction to CLOs and CLO Equity,title under 20 chars; no brand suffix; description 546 chars - truncates in SERP; no og:image; no robots tag
/news-and-insights/market-insights/2025/09/em-spotlight,EM Spotlight,12,DUPLICATE,"Frontier Market debt, in some ways, looks like a throwback to the early days of Emerging Market (EM) debt as an asset class, offering both higher yields and greater potential for economic convergence across a subset of typically below investment grade-rated EM countries. While we expect the development of Frontier Markets to play out differently from the first “iteration” of EM, we think that experience can still serve as a guide – where despite a less certain journey, we have a clear understanding of the destination.",523,TOO LONG,,index,/news-and-insights/market-insights/2025/09/em-spotlight,Frontier Market Debt: Making History Rhyme,title under 20 chars; duplicate title (2x); no brand suffix; description 523 chars - truncates in SERP; no og:image
/news-and-insights/market-insights/2025/10/quarterly-insights,Quarterly Insights,18,DUPLICATE,"So far, tariff-related headwinds have failed to durably dent the march higher in market valuations. For example, the spread of the Bloomberg US Credit Index recently reached 68 bps, the tightest level since 1997. Our rigorous focus on fundamentals compels us to examine whether current bond spreads fully reflect all the risks that exist in the economy and the financial system (inflation, consumer resiliency, private credit lending).",435,TOO LONG,,index,/news-and-insights/market-insights/2025/10/quarterly-insights,Old and New Risks Test Faith in Market Valuations,title under 20 chars; duplicate title (5x); no brand suffix; description 435 chars - truncates in SERP; no og:image
/news-and-insights/market-insights/2025/12/2026-outlook,2026 Outlook,12,TOO SHORT,"US economic resilience has been a multi-year theme, including 2025 when the economy kept growing amid the largest tariff implementation since the 1930s. Growth has aided corporate profitability, and that strong fundamental backdrop has buoyed markets, with equities trading around all-time highs and corporate bonds experiencing historically tight spread levels.
Strong fundamentals are expected by the market in 2026, driven by consumer spending and AI investments. Market participants can't help but opine on the multi-year outlook for AI and its potential ramifications for productivity, the workplace and our daily lives. However, while we don't lose sight of the long-term at PPM, our bottom-up focus behooves us to acknowledge already rich valuations and that 2026 could bring headwinds to market technicals.",814,TOO LONG,,index,/news-and-insights/market-insights/2025/12/2026-outlook,Staying Grounded in a Shifting Landscape,title under 20 chars; no brand suffix; description 814 chars - truncates in SERP; no og:image
/news-and-insights/market-insights/2026/01/infographic,Infographic,11,DUPLICATE,"We take a closer look at the plunge into AI investing. Despite significant free cash flow and expected bond issuance, there may be a funding gap. Questions also surround AI integration.",185,TOO LONG,,index,/news-and-insights/market-insights/2026/01/infographic,The Plunge into AI Investing,title under 20 chars; duplicate title (7x); no brand suffix; description 185 chars - truncates in SERP; no og:image
/news-and-insights/market-insights/2026/01/quarterly-insights,Quarterly Insights,18,DUPLICATE,"High valuations raise the question of how markets are likely to perform in 2026. If markets performed strongly in 2025 despite valuations, can they do so again in 2026? The answer to that question may come down to how well the market handles what’s different between the two years.",281,TOO LONG,,index,/news-and-insights/market-insights/2026/01/quarterly-insights,2025 vs. 2026: Spot the Differences,title under 20 chars; duplicate title (5x); no brand suffix; description 281 chars - truncates in SERP; no og:image
/news-and-insights/market-insights/2026/04/asset-class-focus,Asset Class Focus,17,TOO SHORT,"Market reaction to AI adoption, private credit fears and conflict in the Middle East has created opportunities to reposition. The US high yield strategy was active in Healthcare, Financials and Energy during the quarter.",220,TOO LONG,,index,/news-and-insights/market-insights/2026/04/asset-class-focus,Asset Class Focus: US High Yield,title under 20 chars; no brand suffix; description 220 chars - truncates in SERP; no og:image
/news-and-insights/market-insights/2026/04/cio-letter,CIO Letter,10,DUPLICATE,"Investor concerns around private credit and its exposure to AI disruption seem justified. Private credit lending is substantial, while bank lending to private credit has also grown. However, our view is that the impact of private credit risks on financial markets is likely to be limited, as we believe the amount lent is not overwhelming relative to the size of the economy. On the broader issue of AI disruption, innovation (e.g., railroads, automobiles, the internet) has almost always caused market jitters but has generally led to better long-term growth and economic outcomes, both of which should be good for risk assets.",628,TOO LONG,,index,/news-and-insights/market-insights/2026/04/cio-letter,A Tempest in a Teapot?,title under 20 chars; duplicate title (2x); no brand suffix; description 628 chars - truncates in SERP; no og:image
/news-and-insights/market-insights/2026/04/infographic,Infographic,11,DUPLICATE,"While investors continue to focus on near-term developments in the Middle East (ceasefire, Strait of Hormuz, fighting in Lebanon), many of the impacts experienced since the war began are likely to have longer-term ramifications for commodity markets. We highlight some of those below, which could impact not only oil and gas markets, butalso refined products and other commodities experiencing supply chain issues (fertilizer, aluminum, etc.).",443,TOO LONG,,index,/news-and-insights/market-insights/2026/04/infographic,Get This Strait: Longer-Term Implications of Reduced Hormuz Traffic,title under 20 chars; duplicate title (7x); no brand suffix; description 443 chars - truncates in SERP; no og:image
/news-and-insights/market-insights/2026/04/into-to-bdcs,Intro to BDCs,13,TOO SHORT,"A business development company (BDC) is a specialized closed-end fund designed to provide credit to private middle-market companies. Portfolio construction has resulted in many BDCs maintaining relatively large allocations to the technology and software sectors, making the industry particularly sensitive to the recent decline in software equity and credit valuations. PPM systematically tracks schedules of investments for every BDC, aiming to identify potential credit deterioration before it manifests.

In this piece, learn more about BDCs, including: the characteristics of different BDC structures, the composition of BDC portfolios, how one analyzes a BDC and what is the relative value framework.",705,TOO LONG,,index,/news-and-insights/market-insights/2026/04/into-to-bdcs,Introduction to BDCs,title under 20 chars; no brand suffix; description 705 chars - truncates in SERP; no og:image
/news-and-insights/market-insights/2026/05/corporate-responsibility-report,Corporate Responsibility Report,31,DUPLICATE,"We are pleased to share our 2025 Corporate Responsibility Report. Our latest report highlights how we assess sustainability risks and opportunities, strengthen our local communities and foster a respectful and engagement culture.",229,TOO LONG,,index,/news-and-insights/market-insights/2026/05/corporate-responsibility-report,Corporate Responsibility Report,duplicate title (2x); no brand suffix; description 229 chars - truncates in SERP; no og:image
/news-and-insights/market-insights/2026/07/cio-letter,CIO Letter,10,DUPLICATE,"In our latest CIO Letter, Ogechi Nwachukwu discusses why fixed income markets can remain resilient despite fiscal concerns and elevated Treasury yields. As corporate credit profiles improve and spreads remain tight, we believe risk markets are appropriately valued.

Elevated Treasury yields typically should reflect the market's views on the risks of lending to the US sovereign, which is in a deteriorating fiscal situation exemplified by a historically high deficit. US corporations, on the other hand, are generally improving their profitability and credit ratings. This convergence in credit quality may result in tighter spreads, all things being equal, which is consistent with what is happening in fixed income markets, outside of AI-related issuance. Given we do not see an aggressive Fed hiking cycle to combat sticky inflation, we believe risk markets are in an appropriate place. They are unlikely to sell off significantly, in our view, though markets could experience pullbacks that are met by increased demand (i.e., the ""buy-the-dip"" mentality).",1061,TOO LONG,,index,/news-and-insights/market-insights/2026/07/cio-letter,"An Argument for the Tight Spread, Elevated Yield Environment",title under 20 chars; duplicate title (2x); no brand suffix; description 1061 chars - truncates in SERP; no og:image
/news-and-insights/market-insights/2026/07/hy-outlook,HY Outlook,10,TOO SHORT,"US high yield experienced a positive Q2 2026 amid an eye-popping recovery in equities and a US Treasury sell-off. The PPM Leveraged Credit team took the opportunity to adjust positioning in the strategy by adding credits in the 100-300 bps spread bucket and reducing distressed credits. We were also active in various sectors, adding to Technology & Electronics, Basic Industry and Energy while reducing Insurance and Foreign Sovereign.",436,TOO LONG,,index,/news-and-insights/market-insights/2026/07/hy-outlook,High Yield,title under 20 chars; no brand suffix; description 436 chars - truncates in SERP; no og:image
/news-and-insights/market-insights/2026/07/ig-outlook,IG Outlook,10,TOO SHORT,"Investment grade (IG) credit has increasingly become a tale of two markets, hyperscaler financing and then everything else. From our observation, investors have had difficulty digesting the sheer size and cadence of hyperscaler-related issuance, leading to underperformance. In the last year alone, the percent share of hyperscaler bonds in the IG market has nearly doubled. Read more to see how a muddled investment environment informs the positioning of PPM’s IG strategies.",476,TOO LONG,,index,/news-and-insights/market-insights/2026/07/ig-outlook,Investment Grade,title under 20 chars; no brand suffix; description 476 chars - truncates in SERP; no og:image
/news-and-insights/market-insights/2026/07/igpc-outlook,IGPC Outlook,12,TOO SHORT,"Capital expenditures around data centers drove a surge in issuance during the quarter, challenging hyperscaler-related market technicals as supply threatens to overwhelm demand. Unsurprisingly, PPM’s IGPC team was active during the quarter, investing over $2.5B across 108 securities. Year-to-date purchases have been from new and existing issuers across the esoteric ABF, traditional private, CTL and project finance spaces. We anticipate continued momentum in purchase volume into the second half of the year.",511,TOO LONG,,index,/news-and-insights/market-insights/2026/07/igpc-outlook,Investment Grade Private Credit,title under 20 chars; no brand suffix; description 511 chars - truncates in SERP; no og:image
/news-and-insights/market-insights/2026/07/pe-outlook,PE Outlook,10,TOO SHORT,"After a war-induced pause, US PE activity gained steam later in the quarter. Contributing to this uptick, from our observations, were co-investments that had been put on hold at the start of the conflict finally coming to market. Concerns still exist in technology-related sectors, but we believe future valuations should likely be more rational in differentiating winners and losers. Generally, sponsors view AI as a tailwind for portfolio companies overall, acting as a driver of efficiency.",493,TOO LONG,,index,/news-and-insights/market-insights/2026/07/pe-outlook,Private Equity,title under 20 chars; no brand suffix; description 493 chars - truncates in SERP; no og:image
/news-and-insights/market-insights/2026/07/single-asset-continuation-vehicles,Single-Asset Continuation Vehicles,34,SHORT,"What started as a response to private equity liquidity challenges has become one of the industry's most compelling investment structures. Single-asset continuation vehicles (SCVs) can provide concentrated exposure to high-conviction companies and create alignment among investors, sponsors, and management teams. As the market grows, experience, relationships, and disciplined underwriting remain critical to identifying the best opportunities. PPM America Capital Partners (PPMACP)",482,TOO LONG,,index,/news-and-insights/market-insights/2026/07/single-asset-continuation-vehicles,Alignment and Access: Key Drivers of Single-Asset Continuation Vehicle Success,no brand suffix; description 482 chars - truncates in SERP; no og:image
/news-and-insights/market-insights/2026/08/ig-emd,EM Private Credit,17,TOO SHORT,"We do not view EM private credit as simply developed market private credit with a higher coupon. Instead, we believe it requires EM-specific judgment, in addition to corporate, industry and structure analysis. For certain investors, it can be a complement to an EM allocation by expanding the opportunity set, providing potential income opportunities and adding diversification across countries, sectors and structures. In a world where investors continue to seek resilient income and differentiated sources of return, we believe EM private credit merits a place in the conversation.",583,TOO LONG,,index,/news-and-insights/market-insights/2026/08/ig-emd,EM Private Credit: Another Arrow in the EM Quiver,title under 20 chars; no brand suffix; description 583 chars - truncates in SERP; no og:image
/news-and-insights/press-releases,Press Releases | PPM America,28,SHORT,Read the latest news about us and our efforts to help our clients achieve their long-term value goals.,102,SHORT,,"index, follow",/news-and-insights/press-releases,Press Releases,no og:image
/news-and-insights/press-releases/2022/12/clo-6,CLO 6,5,TOO SHORT,"PPM America, Inc. (PPM) today announced the closing of PPM CLO 6 Ltd. (CLO 6), a $300 million CLO. This is PPM’s sixth CLO since the firm re-entered the CLO market in 2018, and the twelfth CLO in the firm’s history. CLO 6 is managed by a PPM subsidiary, PPM Loan Management Company 2, LLC, a registered investment adviser.",322,TOO LONG,,index,/news-and-insights/press-releases/2022/12/clo-6,PPM America Announces Twelfth CLO Closing,title under 20 chars; no brand suffix; description 322 chars - truncates in SERP; no og:image
/news-and-insights/press-releases/2022/12/pensions-and-investments,Pensions and Investments,24,DUPLICATE,PPM America Named One of the “Best Places to Work in Money Management,69,SHORT,,index,/news-and-insights/press-releases/2022/12/pensions-and-investments,PPM America Named One of the “Best Places to Work in Money Management”,duplicate title (2x); no brand suffix; no og:image
/news-and-insights/press-releases/2023/09/org-changes,Org Changes,11,TOO SHORT,PPM Promotes Within Investment Team,35,TOO SHORT,,index,/news-and-insights/press-releases/2023/09/org-changes,PPM Promotes Within Investment Team,title under 20 chars; no brand suffix; description under 50 chars; no og:image
/news-and-insights/press-releases/2023/11/02/distribution-team,Distribution Team,17,DUPLICATE,PPM Builds Global Distribution Team,35,TOO SHORT,,index,/news-and-insights/press-releases/2023/11/02/distribution-team,PPM Builds Global Distribution Team,title under 20 chars; duplicate title (3x); no brand suffix; description under 50 chars; no og:image
/news-and-insights/press-releases/2023/12/pensions-and-investments,Pensions And Investments,24,DUPLICATE,PPM America Repeats As One of the “Best Places to Work in Money Management”,75,SHORT,,index,/news-and-insights/press-releases/2023/12/pensions-and-investments,PPM America Repeats As One of the “Best Places to Work in Money Management”,duplicate title (2x); no brand suffix; no og:image
/news-and-insights/press-releases/2024/01/distribution-team,Distribution Team,17,DUPLICATE,PPM Continues Global Distribution Team Expansion,48,TOO SHORT,,index,/news-and-insights/press-releases/2024/01/distribution-team,PPM Continues Global Distribution Team Expansion,title under 20 chars; duplicate title (3x); no brand suffix; description under 50 chars; duplicate description; no og:image
/news-and-insights/press-releases/2024/01/private-equity-fund-8,Private Equity Fund 8,21,SHORT,PPMACP Closes on $660 Million Private Equity Fund,49,TOO SHORT,,index,/news-and-insights/press-releases/2024/01/private-equity-fund-8,PPM America Capital Partners Closes on $660 Million Private Equity Fund,no brand suffix; description under 50 chars; no og:image
/news-and-insights/press-releases/2024/02/distribution-team,Distribution Team,17,DUPLICATE,PPM Continues Global Distribution Team Expansion,48,TOO SHORT,,index,/news-and-insights/press-releases/2024/02/distribution-team,PPM Adds PGIM Principal to Global Distribution Team,title under 20 chars; duplicate title (3x); no brand suffix; description under 50 chars; duplicate description; no og:image
/news-and-insights/press-releases/2024/06/clo-7,CLO 7,5,TOO SHORT,"PPM America, Inc. (PPM) today announced the closing of PPM CLO 7 Ltd. (CLO 7). CLO 7 has 16 unique investors, seven of which are new to PPM, and a deal size of $401M. It is PPM’s seventh CLO closed since the firm re-entered the CLO market in 2018, and the thirteenth CLO closed in the firm’s history.",300,TOO LONG,,index,/news-and-insights/press-releases/2024/06/clo-7,PPM America Announces Thirteenth CLO Closing,title under 20 chars; no brand suffix; description 300 chars - truncates in SERP; no og:image
/news-and-insights/press-releases/2024/11/ppm-funds,PPM Funds,9,TOO SHORT,"On November 12th, PPM America, Inc. (PPM) announced the closing and liquidation of its remaining two mutual funds, the PPM Core Plus Fixed Income Fund (PKPIX) and the PPM High Yield Core Fund (PKHIX) which consisted solely of internal and seed capital investors. This action will complete the firm’s liquidation of the PPM Funds platform, as the firm focuses on delivery of its investment strategies through other commingled products.",434,TOO LONG,,index,/news-and-insights/press-releases/2024/11/ppm-funds,PPM America Closes Mutual Funds to Focus on Other Commingled Vehicles,title under 20 chars; no brand suffix; description 434 chars - truncates in SERP; no og:image
/news-and-insights/press-releases/2024/11/team-bhumika-gashti,Team Bhumika Gashti,19,TOO SHORT,PPMACP Hires Seasoned Industry Professional to Bolster Private Equity Team,74,SHORT,,index,/news-and-insights/press-releases/2024/11/team-bhumika-gashti,PPM America Capital Partners Hires Seasoned Industry Professional to Bolster Private Equity Team,title under 20 chars; no brand suffix; no og:image
/news-and-insights/press-releases/2024/12/pensions-and-investments,Pensions And Investments,24,DUPLICATE,"""PPM America Repeats As One of the “Best Places to Work in Money Management”",76,SHORT,,index,/news-and-insights/press-releases/2024/12/pensions-and-investments,PPM America Repeats As One of the “Best Places to Work in Money Management”,duplicate title (2x); no brand suffix; no og:image
/news-and-insights/press-releases/2025/01/emerging-market-debt-team,Emerging Market Debt Team,25,SHORT,"January 13, 2024: PPM America, Inc. (PPM) today announced the addition of a seasoned emerging market debt (EMD) team from Western Asset Management",146,SHORT,,index,/news-and-insights/press-releases/2025/01/emerging-market-debt-team,PPM Hires Seasoned Emerging Market Debt Team,no brand suffix; no og:image
/news-and-insights/press-releases/2025/03/clo-8,CLO 8,5,TOO SHORT,"PPM America, Inc. (PPM) today announced the closing of PPM CLO 8 Ltd. (CLO 8). CLO 8 has a deal size of $400M (by reinvestment target par value) and was executed with 16 unique institutional investors. It is PPM’s eighth CLO closed since the firm re-entered the CLO market in 2018, and the 14th CLO closed in the firm’s history.",328,TOO LONG,,index,/news-and-insights/press-releases/2025/03/clo-8,PPM America Closes 14th CLO,title under 20 chars; no brand suffix; description 328 chars - truncates in SERP; no og:image
/news-and-insights/press-releases/2025/10/craig-smith,Craig Smith,11,TOO SHORT,"LANSING, Mich./CHICAGO, Ill. - October 8, 2025 - Jackson Financial Inc. (NYSE: JXN) (Jackson®) and PPM America, Inc. (PPM), an indirect, wholly-owned subsidiary of Jackson, announced today that after nearly 20 years of service, Craig Smith, President and Chief Executive Officer of PPM, intends to retire on December 31, 2025. While a search is conducted for his successor, Smith will begin to transition his day-to-day leadership responsibilities of PPM to Chris Raub, President, Jackson National Life Insurance Company (JNLIC), who will serve as the interim leader of PPM following Smith’s retirement.",603,TOO LONG,,index,/news-and-insights/press-releases/2025/10/craig-smith,Craig Smith to Retire as PPM America President and CEO,title under 20 chars; no brand suffix; description 603 chars - truncates in SERP; no og:image
/news-and-insights/press-releases/2025/10/new-la-office,New LA Office,13,TOO SHORT,"CHICAGO, Illinois – October 28, 2025: Today, PPM America, Inc. (PPM) is proud to announce the opening of its newest permanent office in downtown Los Angeles, located at 515 S. Figueroa Street. This strategic expansion marks a milestone for the firm, as the location will serve as the central hub for the Emerging Markets team – an accomplished group that officially joined PPM in January 2025. The team was previously based in a temporary office in Pasadena, California.",470,TOO LONG,,index,/news-and-insights/press-releases/2025/10/new-la-office,PPM America Expands Westward with New LA Office,title under 20 chars; no brand suffix; description 470 chars - truncates in SERP; no og:image
/news-and-insights/press-releases/2025/12/pensions-and-investments,Pensions and Investments,24,DUPLICATE,"PPM is proud to announce its recognition as one of the “Best Places to Work in Money Management” by Pensions & Investments for 2025. This marks the sixth time PPM has received this prestigious honor, a testament to the firm’s ongoing commitment to an engaged and supportive workplace. For the results announced yesterday, PPM was one of 43 companies to be selected in the 100 to 499 employee category, as well as one of 105 companies recognized in the industry overall.",469,TOO LONG,,index,/news-and-insights/press-releases/2025/12/pensions-and-investments,PPM America Earns “Best Places to Work in Money Management” Honor for Sixth Time,duplicate title (2x); no brand suffix; description 469 chars - truncates in SERP; no og:image
/news-and-insights/press-releases/2026/03/promotion-tiffany-luna,Promotion Tiffany Luna,22,SHORT,"PPM America Capital Partners, the private equity arm of PPM America, Inc. (PPM) today announced the promotion of Tiffany Luna to Partner. In this expanded role, Luna will continue to play a key leadership role in sourcing, evaluating and executing private equity investments, as well as managing sponsor relationships and supporting portfolio companies. The promotion reflects her significant contributions to the firm’s private equity platform and consistent delivery of strong investment outcomes for clients.",511,TOO LONG,,index,/news-and-insights/press-releases/2026/03/promotion-tiffany-luna,PPM America Capital Partners Promotes Tiffany Luna to Partner,no brand suffix; description 511 chars - truncates in SERP; no og:image
/news-and-insights/press-releases/2026/04/chris-raub,Chris Raub,10,DUPLICATE,"LANSING, Mich. & CHICAGO--(BUSINESS WIRE)-- Jackson Financial Inc.i (NYSE: JXN) (Jackson®) and PPM America, Inc. (PPM), an indirect, wholly-owned subsidiary of Jackson, announced today that Chris Raub has been appointed President and Chief Executive Officer of PPM. In this role, Raub will provide oversight for PPM’s executive leadership team with a continued focus on delivering world-class investment performance and service to all clients, including management of Jackson’s general account assets and investment mandates for institutional investors globally.",562,TOO LONG,,index,/news-and-insights/press-releases/2026/04/chris-raub,"Chris Raub Named President and CEO of PPM America, Inc.",title under 20 chars; duplicate title (2x); no brand suffix; description 562 chars - truncates in SERP; no og:image
/news-and-insights/press-releases/2026/08/cre-team,CRE Team,8,TOO SHORT,"CHICAGO, Illinois – July 28, 2026: PPM America, Inc. (PPM) is pleased to announce the recent additions of four new loan originators to its commercial real estate team: Dennis Kracik, Justin Lata, Andrew Lockhart and Paul Mroz. These hires bring the total number of loan originators on the team to 13 and are intended to support ongoing record origination volumes, as PPM sees increased demand for commercial mortgages from its clients.",435,TOO LONG,,index,/news-and-insights/press-releases/2026/08/cre-team,PPM America Bolsters Commercial Real Estate Team,title under 20 chars; no brand suffix; description 435 chars - truncates in SERP; no og:image
/our-commitments,Our Commitments,15,TOO SHORT,"We are committed to making a positive impact in our community, supporting and enhancing the personal and professional lives of our employees, and incorporating environmental, social, and governance factors into our investment analysis to help deliver results for our clients.",275,TOO LONG,,,/our-commitments,Our Commitments,title under 20 chars; no brand suffix; description 275 chars - truncates in SERP; no og:image; no robots tag
/our-commitments/community-engagement,Community Engagement,20,SHORT,"We are committed to making a positive impact in our community by investing time, experience and fundraising efforts with nonprofit partners dedicated to strengthening families and increasing economic opportunities. Priority is given to projects within these focus areas.",270,TOO LONG,,,/our-commitments/community-engagement,Community Engagement,no brand suffix; description 270 chars - truncates in SERP; no og:image; no robots tag
/our-commitments/inclusion-and-engagement,Inclusion and Engagement,24,SHORT,"Our workplace culture and associate engagement are integral to the growth and longevity of our company. We are committed to a culture of respect and believe that inclusion is the key to this culture, enabling our ability to innovate, execute and grow for the benefit of our employees, our clients and the communities where we live.",331,TOO LONG,,,/our-commitments/inclusion-and-engagement,Inclusion and Engagement,no brand suffix; description 331 chars - truncates in SERP; no og:image; no robots tag
/our-commitments/responsible-investment,Responsible Investment,22,SHORT,"Our investment teams have long considered sustainability factors in their analyses, acknowledging the material impact these factors may have on the long-term risk and return of investments we make on our clients' behalf. Our integrated approach is applied broadly and across asset classes, while allowing flexibility for each portfolio manager to let the unique characteristics of their portfolios inform their analysis and portfolio construction.",447,TOO LONG,,index,/our-commitments/responsible-investment,Responsible Investment,no brand suffix; description 447 chars - truncates in SERP; no og:image
/our-story,Our Story | PPM America,23,SHORT,"Our mission is to be seen by clients and their advisors as a consistently reliable partner to help them achieve their long-term value goals.

PPM is a US-based institutional asset manager. Established in Chicago in 1990, PPM offers investment capabilities in public fixed income, commercial real estate debt, private and structured credit, private equity and CLO management. PPM exists to consistently support institutional clients in achieving their long-term value goals. We offer our mentality of hard work, straight talk, full transparency and humility. Our success is supported by a team-based culture that encourages debate, collaboration and consistency. At the center of our belief is the fact that our best ideas to date have and can come from any team member anywhere in our firm. We believe the success of our investment culture is best demonstrated by the strong retention of our clients and investment professionals.",929,TOO LONG,,index,/our-story,Our Story,description 929 chars - truncates in SERP; duplicate description; no og:image
/our-story/careers,Careers,7,TOO SHORT,"To attract and retain diverse talent, we know we must do more than just recruit—we must value the diverse strengths our employees bring to work every day.",154,OK,,,/our-story/careers,Careers,title under 20 chars; no brand suffix; no og:image; no robots tag
/our-story/careers/benefits,Benefits,8,TOO SHORT,"Our employees go the extra mile every day, and the benefits of working at PPM reflect our commitment to supporting and enhancing their personal and professional lives.",167,OK,,,/our-story/careers/benefits,Benefits,title under 20 chars; no brand suffix; no og:image; no robots tag
/our-story/contact-us,Contact Us,10,TOO SHORT,Contact PPM,11,TOO SHORT,,,/our-story/contact-us,Contact Us,title under 20 chars; no brand suffix; description under 50 chars; no og:image; no robots tag
/our-story/our-team,Our Team,8,TOO SHORT,"Our executive team possesses many years of experience and tenure at PPM, and most importantly, they are the type of leaders team members want to follow.",152,OK,,,/our-story/our-team,Our Team,title under 20 chars; no brand suffix; no og:image; no robots tag
/our-story/our-team/corporate-philanthropy/rylee-murray,Rylee Murray,12,TOO SHORT,Rylee Murray is a corporate philanthropy manager on the corporate communications and corporate responsibility team at Jackson.,126,SHORT,,,/our-story/our-team/corporate-philanthropy/rylee-murray,Rylee Murray,title under 20 chars; no brand suffix; no og:image; no robots tag
/our-story/our-team/fixed-income/insurance/brian-manczak,Brian Manczak,13,TOO SHORT,"Brian Manczak is an executive vice president and chief investment officer, Jackson National Life, at PPM America, Inc. (PPM).",125,SHORT,,,/our-story/our-team/fixed-income/insurance/brian-manczak,"Brian Manczak, CFA",title under 20 chars; no brand suffix; no og:image; no robots tag
/our-story/our-team/global-distribution/bob-meikleham,Bob Meikleham,13,TOO SHORT,"Bob Meikleham is a managing director in the global client group at PPM America, Inc. (PPM).",91,SHORT,,,/our-story/our-team/global-distribution/bob-meikleham,Bob Meikleham,title under 20 chars; no brand suffix; no og:image; no robots tag
/our-story/our-team/global-distribution/jamison-gagnier,Jamison Gagnier,15,TOO SHORT,"Jamison Gagnier is a senior managing director in the global client group at PPM America, Inc. (PPM).",100,SHORT,,,/our-story/our-team/global-distribution/jamison-gagnier,Jamison Gagnier,title under 20 chars; no brand suffix; no og:image; no robots tag
/our-story/our-team/global-distribution/jeff-seaver,Jeff Seaver,11,TOO SHORT,"Jeff Seaver is a senior managing director and head of global client group at PPM America, Inc. (PPM).",101,SHORT,,,/our-story/our-team/global-distribution/jeff-seaver,Jeff Seaver,title under 20 chars; no brand suffix; no og:image; no robots tag
/our-story/our-team/global-distribution/laura-beckner,Laura Beckner,13,TOO SHORT,"Laura Beckner is a senior managing director and head of consultant relations in the global client group at PPM America, Inc. (PPM).",131,SHORT,,,/our-story/our-team/global-distribution/laura-beckner,Laura Beckner,title under 20 chars; no brand suffix; no og:image; no robots tag
/our-story/our-team/leadership-team/chris-raub,Chris Raub,10,DUPLICATE,"Chris Raub is president and chief executive officer of PPM America, Inc. (PPM). He is responsible for PPM’s strategy, business operations and ensuring delivery of world-class investment capabilities, results and service to PPM’s clients.",237,TOO LONG,,index,/our-story/our-team/leadership-team/chris-raub,Chris Raub,title under 20 chars; duplicate title (2x); no brand suffix; description 237 chars - truncates in SERP; no og:image
/our-story/our-team/leadership-team/mary-capasso,Mary Capasso,12,TOO SHORT,"Mary Capasso is an executive vice president and chief operating officer and general counsel at PPM America, Inc. (PPM)",118,SHORT,,,/our-story/our-team/leadership-team/mary-capasso,Mary Capasso,title under 20 chars; no brand suffix; no og:image; no robots tag
/our-story/our-team/leadership-team/matt-elsener,Matt Elsener,12,TOO SHORT,"Matt Elsener is a senior vice president and chief risk officer at PPM America, Inc. (PPM).",90,SHORT,,index,/our-story/our-team/leadership-team/matt-elsener,Matt Elsener,title under 20 chars; no brand suffix; no og:image
/our-story/our-team/leadership-team/ogechi-nwachukwu,Ogechi Nwachukwu,16,TOO SHORT,"Ogechi Nwachukwu is an executive vice president and chief investment officer at PPM America, Inc. (PPM).",104,SHORT,,,/our-story/our-team/leadership-team/ogechi-nwachukwu,Ogechi Nwachukwu,title under 20 chars; no brand suffix; no og:image; no robots tag
/our-story/our-team/leadership-team/oliver-jordan,Oliver Jordan,13,TOO SHORT,"Oliver Jordan is an executive vice president and chief financial officer at PPM America, Inc. (PPM).",100,SHORT,,,/our-story/our-team/leadership-team/oliver-jordan,Oliver Jordan,title under 20 chars; no brand suffix; no og:image; no robots tag
/our-story/our-team/private-equity-team/antonio-daily,Antonio Daily,13,TOO SHORT,"Tony Daily is an associate at PPM America Capital Partners, the private equity arm of PPM America, Inc. (PPM).",110,SHORT,,,/our-story/our-team/private-equity-team/antonio-daily,Antonio Daily,title under 20 chars; no brand suffix; no og:image; no robots tag
/our-story/our-team/private-equity-team/bhumika-gashti,Bhumika Gashti,14,TOO SHORT,"Bhumika Gashti is a senior managing director at PPM America Capital Partners, the private equity arm of PPM America, Inc. (PPM).",128,SHORT,,,/our-story/our-team/private-equity-team/bhumika-gashti,"Bhumika Gashti, CFA",title under 20 chars; no brand suffix; no og:image; no robots tag
/our-story/our-team/private-equity-team/champ-raju,Champ Raju,10,TOO SHORT,"Champ Raju is managing partner and head of private equity at PPM America Capital Partners, the private equity arm of PPM America, Inc. (PPM)",140,SHORT,,,/our-story/our-team/private-equity-team/champ-raju,Champ Raju,title under 20 chars; no brand suffix; no og:image; no robots tag
/our-story/our-team/private-equity-team/craig-radis,Craig Radis,11,TOO SHORT,"Craig Radis is a senior partner at PPM America Capital Partners, the private equity arm of PPM America, Inc. (PPM)",114,SHORT,,,/our-story/our-team/private-equity-team/craig-radis,Craig Radis,title under 20 chars; no brand suffix; no og:image; no robots tag
/our-story/our-team/private-equity-team/madeline-mcginnis,Madeline McGinnis,17,TOO SHORT,"Madeline McGinnis is a principal at PPM America Capital Partners, the private equity arm of PPM America, Inc.",109,SHORT,,,/our-story/our-team/private-equity-team/madeline-mcginnis,"Madeline McGinnis, CFA",title under 20 chars; no brand suffix; no og:image; no robots tag
/our-story/our-team/private-equity-team/mark-staub,Mark Staub,10,TOO SHORT,"Mark Staub is a senior partner at PPM America Capital Partners, the private equity arm of PPM America, Inc. (PPM)",113,SHORT,,,/our-story/our-team/private-equity-team/mark-staub,Mark Staub,title under 20 chars; no brand suffix; no og:image; no robots tag
/our-story/our-team/private-equity-team/nayan-makim,Nayan Makim,11,TOO SHORT,"Nayan Makim is an associate at PPM America Capital Partners, the private equity arm of PPM America, Inc. (PPM).",111,SHORT,,,/our-story/our-team/private-equity-team/nayan-makim,Nayan Makim,title under 20 chars; no brand suffix; no og:image; no robots tag
/our-story/our-team/private-equity-team/ray-zhang,Ray Zhang,9,TOO SHORT,"Ray Zhang is a partner at PPM America Capital Partners, the private equity arm of PPM America, Inc. (PPM).",106,SHORT,,,/our-story/our-team/private-equity-team/ray-zhang,"Ray Zhang, CFA",title under 20 chars; no brand suffix; no og:image; no robots tag
/our-story/our-team/private-equity-team/ross-cameron,Ross Cameron,12,TOO SHORT,"Ross Cameron is a senior associate at PPM America Capital Partners, the private equity arm of PPM America, Inc.",111,SHORT,,,/our-story/our-team/private-equity-team/ross-cameron,Ross Cameron,title under 20 chars; no brand suffix; no og:image; no robots tag
/our-story/our-team/private-equity-team/tiffany-luna,Tiffany Luna,12,TOO SHORT,"Tiffany Luna is a partner at PPM America Capital Partners, the private equity arm of PPM America, Inc. (PPM).",109,SHORT,,,/our-story/our-team/private-equity-team/tiffany-luna,Tiffany Luna,title under 20 chars; no brand suffix; no og:image; no robots tag
/our-story/our-values,Our Values | PPM America,24,SHORT,"At PPM, our values guide our internal conduct and help define the type of relationships we share with our clients, affiliates and other valued partners. We strive to attract and retain the right people who believe in our culture and take ownership for delivering results.

We are passionate about giving back to our clients, to each other, and to our community.",361,TOO LONG,,index,/our-story/our-values,Our Values,description 361 chars - truncates in SERP; no og:image
/privacy-policy,Privacy Policy,14,TOO SHORT,"PPM America, Inc. and PPM Loan Management Company 2, LLC (collectively, “PPM”, “we”, “us” or “our”, as applicable) is committed to compliance with all applicable state and federal privacy laws and regulations. This page includes links our Third Party Privacy Policy, California-Specific Privacy Policy, Website Privacy Policy and PPM Associate Privacy Notice.",359,TOO LONG,,,/privacy-policy,Privacy Policy,title under 20 chars; no brand suffix; description 359 chars - truncates in SERP; no og:image; no robots tag
/privacy-policy/california-specific-privacy-policy,California-Specific Privacy Policy,34,SHORT,PPM maintains compliance with the California Privacy Rights Act (“CPRA”) which affords California residents with certain privacy rights and protections. This section sets out those rights and provides individuals with a form to submit privacy data requests.,257,TOO LONG,,,/privacy-policy/california-specific-privacy-policy,California-Specific Privacy Policy,no brand suffix; description 257 chars - truncates in SERP; no og:image; no robots tag
/privacy-policy/ppm-associate-privacy-policy,PPM Associate Privacy Policy,28,SHORT,"Privacy of associate personal information is a top priority at PPM. This notice is intended to provide PPM associates with notice that identifies the categories of personal information that may be collected and the purposes for which PPM collects, uses, or shares such information.",281,TOO LONG,,,/privacy-policy/ppm-associate-privacy-policy,PPM Associate Privacy Policy,no brand suffix; description 281 chars - truncates in SERP; no og:image; no robots tag
/privacy-policy/third-party-privacy-policy,Third Party Privacy Policy,26,SHORT,"At PPM we are committed to keeping non-public information about third parties (including clients and potential clients) secure and confidential. We do not disclose your information to anyone except as required by law, described in this policy, or as you otherwise permit. Most importantly, we do not sell your information to anyone.",332,TOO LONG,,,/privacy-policy/third-party-privacy-policy,Third Party Privacy Policy,no brand suffix; description 332 chars - truncates in SERP; no og:image; no robots tag
/privacy-policy/website-privacy-policy,Website Privacy Policy,22,SHORT,"In order to improve functionality, performance, security, PPM services, and content delivery, we may gather web-specific information when you visit our website. This policy explains broadly how we collect, share, use and protect the information we gather when you visit our website.",282,TOO LONG,,,/privacy-policy/website-privacy-policy,Website Privacy Policy,no brand suffix; description 282 chars - truncates in SERP; no og:image; no robots tag
/social,Social,6,TOO SHORT,,0,MISSING,,,/social,Social Media,title under 20 chars; no brand suffix; no description; no og:image; no robots tag
/terms-and-conditions,Terms and Conditions,20,SHORT,Terms and Conditions,20,TOO SHORT,,,/terms-and-conditions,Terms and Conditions,no brand suffix; description under 50 chars; no og:image; no robots tag
